<?xml version="1.0" encoding="UTF-8"?>
<project-private xmlns="http://www.netbeans.org/ns/project-private/1">
    <editor-bookmarks xmlns="http://www.netbeans.org/ns/editor-bookmarks/2" lastBookmarkId="0"/>
    <open-files xmlns="http://www.netbeans.org/ns/projectui-open-files/2">
        <group>
            <file>file:/C:/Users/Bailee/Downloads/Pet_Game_GUI_Version2/Pet_Game_GUI/src/Pet_model/Player.java</file>
            <file>file:/C:/Users/Bailee/Downloads/Pet_Game_GUI_Version2/Pet_Game_GUI/src/Pet_controller/Puppy.java</file>
            <file>file:/C:/Users/Bailee/Downloads/Pet_Game_GUI_Version2/Pet_Game_GUI/src/Pet_model/Database.java</file>
        </group>
    </open-files>
</project-private>
